No.,Type,O,O1,O2,O3,O4,REAL,C,T,B,S,P,Viol,Lie,VC,VT,VB,VS,VP,AVC,AVT,AVB,AVS,AVP,Int1,Int2
1,Su tich dua hau,1,1,1,1,1,1,1,0,1,1,1,0,0,1,0,1,1,1,0,0,0,0,0,1,0
2,Trau Cau va Voi,0,0,0,0,1,0,1,1,0,1,0,0,0,1,1,0,0,0,0,0,0,0,0,1,0
3,Su tich trai sau rieng,1,0,0,1,1,0,1,0,1,1,1,1,0,1,0,1,1,1,0,0,0,1,0,0,1
4,Su tich cay huyet du,1,1,1,0,0,0,0,0,1,0,1,0,0,0,0,1,0,0,0,0,0,0,0,1,1
5,Su tich chim hit co,0,0,0,0,0,0,1,0,0,0,1,0,0,1,0,0,1,1,1,0,0,0,0,0,0
6,Su tich chim tu hu,0,0,0,0,0,0,0,0,1,0,0,0,0,0,0,1,0,1,1,0,0,0,0,1,0
7,Su tich chim quoc,0,0,0,0,0,0,1,0,1,0,1,0,0,1,0,1,0,1,1,0,0,0,0,0,1
8,SU TICH CHIM NAM-TRAU-SAU-COT VA CHIM BAT-CO-TROI-COT,0,0,0,0,0,0,0,0,1,1,1,0,0,1,0,1,1,1,0,0,0,0,0,0,1
9,Su tich CHIM DA DA,0,0,0,0,0,0,1,0,1,1,1,1,0,0,0,1,0,0,1,0,0,0,1,0,1
10,SU TICH CON NHAI,0,0,0,0,0,0,1,0,1,1,0,0,0,1,0,1,0,0,0,0,1,0,0,1,0
11,SU TICH CON MUOI,0,0,0,0,0,0,0,1,1,0,1,1,1,0,1,1,0,0,1,0,1,0,0,1,1
12,SU TICH CON KHI,1,1,1,0,0,0,1,0,1,0,1,1,0,0,0,1,0,1,0,0,0,0,0,1,0
13,SU TICH CA HE,0,0,0,0,0,0,1,0,1,0,1,1,0,0,0,1,0,1,1,0,0,0,0,1,0
14,SU TICH CON SAM,0,0,0,0,0,0,0,1,0,0,1,0,0,0,1,0,0,1,0,0,0,0,0,1,0
15,SU TICH DA TRANG,0,1,0,1,0,0,1,1,1,0,1,1,0,0,1,1,0,1,1,0,0,0,1,1,0
16,OC TICH BO LONG QUA VA BO LONG CONG,0,0,0,0,0,0,1,0,1,0,0,0,0,1,0,0,0,1,1,0,1,0,0,0,0
17,"GOC TICH TIENG KEU CUA VAC, COC, DU DI, DA DA VA CHUOT",0,0,0,0,0,0,1,0,1,0,0,0,1,0,0,0,0,0,1,0,1,0,0,0,0
18,GOC TICH CAI NOT DUOI CO CON TRAU,0,0,0,0,0,0,1,1,0,0,0,0,1,0,1,0,0,1,1,0,1,0,0,1,1
19,SU TICH CAI CHAN SAU CON CHO,0,1,0,0,0,0,0,0,1,0,0,1,0,0,0,1,0,1,1,0,1,0,0,1,1
20,SU TICH CAI CHOI,0,1,0,0,0,0,0,1,0,0,1,0,1,0,1,0,1,1,1,1,1,0,0,1,0
21,SU TICH ONG DAU RAU,1,1,1,0,1,0,1,0,1,0,1,0,0,1,0,0,0,1,0,0,1,0,0,1,0
22,SU TICH ONG BINH VOI,0,0,0,0,0,0,1,0,1,0,0,1,1,0,0,1,0,0,1,0,0,0,0,1,1
23,SU TICH CAY NEU NGAY TET,1,1,1,0,1,1,0,0,1,0,1,1,0,0,0,1,0,1,0,0,0,0,0,1,1
24,GOC TICH BANH CHUNG VA BANH DAY,1,1,1,1,1,1,1,1,0,1,1,0,0,1,1,0,1,1,0,0,0,0,0,1,0
25,GOC TICH RUONG THAC DAO HAY LA TRUYEN LE PHUNG HIEU,1,1,1,1,1,1,1,0,0,1,1,1,0,1,0,0,1,1,0,0,0,0,0,1,1
26,SU TICH  HO GUOM,1,1,1,0,1,1,1,1,0,1,0,1,0,1,1,0,1,0,0,0,0,0,0,1,0
27,SU TICH  HO BA-BE,1,1,1,1,0,0,1,1,1,0,1,0,0,1,1,0,0,1,1,0,1,0,0,1,0
28,SU TICH  DAM NHAT-DA VA BAI TU-NHIEN,1,1,1,1,1,1,1,1,0,1,1,0,0,1,1,0,1,1,0,0,0,0,0,1,1
29,SU TICH DAM MUC,0,1,0,0,1,1,1,1,0,1,1,0,0,1,1,0,1,1,0,0,0,0,0,1,0
30,SU TICH SONG NHA-BE HAY LA TRUYEN THU HUON,1,1,1,0,1,1,0,1,1,0,0,0,0,0,1,1,0,0,0,0,0,0,0,1,0
31,TAI SAO SONG TO-LICH VA SONG THIEN-PHU HEP LAI?,0,1,0,0,0,0,1,1,1,1,1,1,0,0,0,0,0,1,1,1,1,1,0,1,1
32,SU TICH DA VONG PHU,0,0,0,0,0,0,1,0,0,0,1,0,0,0,0,0,0,1,1,0,0,0,0,0,1
33,SU TICH DA BA-RAU,0,0,0,0,0,1,1,0,0,0,1,1,0,1,0,0,0,1,1,0,0,0,0,0,1
34,SU TICH THANH LOI,1,1,1,0,1,1,1,0,0,1,0,0,0,1,0,0,1,0,1,0,0,0,0,0,1
35,SU TICH NUI NGU-HANH,1,1,1,0,0,1,1,1,0,1,1,0,0,1,1,0,1,1,0,0,0,0,0,1,0
36,THACH SUNG CON THIEU ME KHO HAY LA SU TICH CON MOI,0,0,0,0,0,0,1,0,1,1,1,0,0,0,0,0,1,1,1,0,1,0,0,0,1
37,BO BEO BO GAY,1,1,1,0,0,0,1,0,0,1,1,0,0,1,0,0,1,1,0,0,0,0,0,0,1
38,NU HANH GIANH BAC,0,0,0,0,0,0,1,0,1,1,0,0,1,1,0,0,1,0,0,0,1,0,0,0,1
39,LAY BAY NHU CAO BIEN DAY NON,0,1,0,1,0,1,1,1,0,0,0,0,0,0,1,0,1,0,1,0,0,0,0,0,1
40,BUNG LAM DA CHIU HAY LA TRUYEN THAY HIT,1,1,1,1,0,0,1,0,0,1,1,0,1,0,0,0,1,1,1,0,0,0,0,0,1
41,DONG TIEN VAN LICH,0,0,0,0,1,0,1,0,1,1,1,1,0,1,0,0,1,1,1,0,1,0,0,0,1
42,CUA THIEN TRA DIA,1,1,1,1,0,0,1,1,0,0,1,0,1,1,1,0,0,1,1,0,0,0,0,1,1
43,"NO TINH CHUA TRA CHO AI, KHOI TINH MANG XUONG TUYEN DAI CHUA TAN",0,0,0,0,0,0,1,0,0,1,1,0,0,1,0,0,1,1,0,0,0,0,0,0,1
44,NO NHU CHUA CHOM,1,1,1,0,1,1,1,1,0,1,1,0,0,1,1,0,0,1,0,0,0,1,0,0,1
45,"HON TRUONG BA, DA HANG THIT",1,0,1,1,0,0,1,1,0,1,1,0,0,1,1,0,1,1,0,0,0,0,0,1,0
46,"SINH CON ROI MOI SINH CHA, SINH CHAU GIU NHA ROI MOI SINH ONG",1,1,1,0,0,0,1,0,1,1,1,0,0,1,0,1,1,1,1,0,0,0,0,1,0
47,CON VO KHON LAY THANG CHONG DAI NHU BONG HOA LAI  CAM BAI CUT TRAU,1,0,1,0,0,0,1,0,0,0,1,0,0,1,0,0,0,1,0,0,0,0,0,0,0
48,"CUU VAT VAT TRA AN, CUU NHAN NHAN TRA OAN",1,1,1,1,0,0,1,1,0,1,1,0,0,1,1,0,1,1,1,0,0,0,0,1,1
49,DUA CON TROI DANH HAY LA TRUYEN TIEC GA CHON ME,0,0,0,0,0,0,1,1,1,1,1,1,0,1,1,0,0,0,0,0,1,1,1,0,1
50,GIET CHO KHUYEN CHONG,1,0,1,0,0,0,1,0,0,1,0,1,0,1,0,0,1,0,1,0,0,0,0,0,1
51,"CHA ME NUOI CON BIEN HO LAI LANG, CON NUOI CHA ME KE THANG KE NGAY",0,0,0,0,0,0,1,0,0,0,1,0,0,0,0,0,0,1,1,0,0,0,0,0,1
52,CHUA DO ONG NGHE DA DE HANG TONG,0,0,0,0,0,0,1,1,0,0,0,0,0,0,0,0,0,0,1,1,0,0,0,1,0
53,"DI PHAI THANG CHET TROI, TOI PHI DOI SAU SANH",1,1,1,0,0,0,1,0,0,1,1,0,1,1,0,0,1,1,1,0,0,0,0,0,1
54,CAI KIEN MAY KIEN CU KHOAI,0,0,0,0,0,0,1,1,1,0,1,0,1,0,1,0,0,1,1,0,1,0,0,0,1
55,"VAN KHU HOAI SON NANG TRI TU, THOI LAI BACH THUY KHA THOI SINH",1,0,1,0,0,0,1,0,0,0,1,0,0,1,0,0,0,1,0,0,0,0,0,0,0
56,TRINH PHU HAI CHONG,0,0,0,0,0,0,1,0,0,0,1,0,0,1,0,0,0,1,0,0,0,0,0,0,0
57,KIEN NGANH DA,1,0,1,0,0,0,1,0,1,1,1,0,1,1,0,0,1,1,1,0,1,0,0,0,1
58,"TO DAU MA DAI, NHO DAI MA KHON",1,0,0,0,0,0,1,0,0,0,0,0,1,1,0,0,0,0,0,0,0,0,0,0,0
59," NHAN THAM TAI NHI TU, DIEU THAM THUC NHI VONG",0,0,1,1,0,0,1,1,0,0,1,0,0,1,1,0,0,1,1,0,0,0,0,0,0
60,NOI DOI NHU CUOI,1,1,1,1,0,0,1,0,0,0,0,0,1,0,0,0,0,0,1,0,0,0,0,0,0
61,"CUA TROI TROI LAI LAY DI, GIUONG DOI MAT ECH LAM CHI DUOC TROI",0,1,0,1,0,0,1,1,1,1,0,1,1,0,1,0,1,0,1,0,1,0,0,0,0
62,HAI ONG TUONG DA RAI,0,0,0,0,0,0,1,0,1,1,0,1,1,1,0,0,1,0,1,0,1,0,0,0,1
63,LE NHU HO,1,1,1,1,1,0,1,0,0,1,1,0,1,1,0,0,1,1,0,0,0,0,0,0,0
64,CHANG LIA,0,1,0,0,0,0,1,0,1,1,1,1,0,1,0,0,0,1,0,0,1,1,0,0,1
65,ANH EM SINH NAM,1,1,1,0,0,0,1,1,1,1,1,1,0,0,1,1,1,1,1,0,0,0,0,0,0
66,BON ANH TAI,1,1,1,0,0,0,1,1,1,1,1,0,1,1,1,1,1,1,1,0,0,0,0,0,0
67,KHONG LO DUC CHUONG HAY LA SU TICH TRAU VANG HO TAY,1,1,1,1,1,0,1,1,1,1,1,0,0,1,1,1,1,1,0,0,0,0,0,0,0
68,THACH SANH,1,1,1,1,1,1,1,1,0,1,1,1,1,1,1,0,1,1,1,1,0,0,0,0,1
69,DAI VUONG HAI HAY LA TRUYEN GIET THUONG LUONG ,0,1,0,0,1,0,1,0,0,1,1,1,0,1,0,0,1,1,1,0,0,0,0,0,0
70,ONG O,1,1,1,1,0,0,1,0,0,0,1,0,0,1,0,0,0,1,0,0,0,0,0,0,0
71,AM DUONG GIAO CHIEN,0,1,0,0,0,0,1,1,1,1,1,1,0,1,0,0,1,0,0,1,1,0,1,0,0
72,YET KIEU,1,1,1,1,1,1,1,1,1,1,1,1,0,1,1,0,1,1,0,0,1,0,0,0,1
73,LY ONG TRONG HAY LA SU TICH THANG CHEM,0,1,0,0,0,0,1,0,1,1,1,1,1,1,0,0,0,1,0,0,1,1,0,0,1
74,BAY GIAO CHIN QUY,1,1,1,0,0,0,1,1,1,0,1,1,1,0,0,0,0,1,1,1,1,0,0,1,1
75,NGUOI A DAO VOI GIAC MINH,1,1,1,0,1,1,1,1,0,0,1,1,0,1,1,0,0,1,0,0,0,0,0,0,1
76,BOM LAI GAP BOM HAY BOM GIA MAC BAY CO KE,1,1,1,0,0,0,1,0,0,0,1,0,0,1,0,0,0,1,0,0,0,0,0,0,0
77,QUAN GIO,1,1,1,1,1,1,1,0,1,1,1,0,0,1,0,0,1,1,0,0,1,0,0,0,0
78,CON MOI LAM CHUNG,1,1,1,1,0,0,1,0,0,1,1,0,1,1,0,0,1,1,0,0,0,0,0,0,0
79,BUI CAM HO,1,1,1,1,1,1,1,1,0,1,1,0,0,1,1,0,1,1,0,0,0,0,0,0,1
80,EM BE THONG MINH,1,1,1,1,1,0,0,0,0,1,0,0,1,0,0,1,1,1,0,0,0,0,0,0,1
81,TRANG HIEN,1,1,1,1,1,1,1,0,0,1,0,0,0,0,0,1,1,1,0,0,0,0,0,0,1
82,THAN GIU CUA,1,1,1,1,0,0,0,1,0,0,1,1,0,0,0,0,0,0,1,1,0,1,0,0,1
83,KE TROM DAY HOC TRO,1,0,1,0,0,0,0,0,0,0,1,1,0,0,0,0,0,0,1,0,0,0,0,1,0
84,CON MU LUONG,0,0,0,0,0,0,0,0,1,1,1,0,1,0,0,0,1,0,0,0,0,0,0,0,1
85,CON SAO VA PHU TRUONG GIA,1,1,1,0,0,0,0,0,1,0,0,0,0,0,0,0,0,0,0,0,0,0,0,0,0
86,CON THO CON GA VA CON HO,1,1,1,0,0,0,0,0,0,0,0,0,0,0,0,0,0,0,0,0,0,0,0,0,1
87,CON THO VA CON HO,1,1,1,0,0,0,0,0,0,0,0,0,1,0,0,0,0,1,0,0,0,0,0,0,0
88,MUU CON THO,1,1,1,0,0,0,0,0,0,0,1,0,1,0,0,0,0,1,0,0,0,0,0,0,0
89,BOM GIA MAC BAY HAY LA MUU TRI DAN BA,0,0,0,0,0,0,0,0,0,0,0,0,1,0,0,0,0,0,0,0,0,0,0,0,1
90,GAI NGOAN DAY CHONG,1,1,1,0,0,0,0,0,0,1,0,0,0,0,0,0,0,0,0,0,0,0,0,0,1
91,BA LON DUOI UOI,0,0,0,0,0,0,0,0,0,0,1,0,0,0,0,0,0,0,0,0,0,0,0,0,0
92,CON CHO CON MEO VA ANH CHANG NGHEO KHO,1,1,1,1,0,0,0,0,0,0,1,0,0,0,0,0,0,0,0,0,0,0,0,0,1
93,NGUOI HO LIEU VA DIEM VUONG,1,1,1,0,0,0,0,0,1,0,0,0,0,0,1,0,0,0,0,0,0,0,0,1,0
94,O GHEP,1,1,1,0,0,0,0,0,0,0,1,0,0,0,0,0,0,0,0,0,0,0,0,0,1
95,ONG NAM CUONG,0,0,0,0,0,0,0,0,0,1,1,0,1,0,0,0,0,0,0,0,0,1,0,0,1
96,CO BU,1,1,1,0,1,1,0,1,0,1,1,0,0,0,0,0,0,0,0,0,0,1,0,0,0
97,QUAN HE,0,0,0,0,1,1,1,0,0,1,0,1,0,0,0,1,0,1,0,0,0,1,0,0,1
98,HAU TAO,0,0,0,0,1,1,1,0,0,1,1,0,0,0,0,0,0,0,0,0,0,1,0,0,1
99,LE LOI,1,1,1,1,1,1,1,0,0,1,1,0,0,0,0,1,1,0,0,0,0,0,0,0,1
100,LE VAN KHOI,0,0,0,0,1,1,1,0,0,1,1,0,0,0,0,0,0,0,0,0,0,1,0,0,1
101,BA VANH,0,0,0,0,0,0,1,1,0,1,1,1,0,1,1,0,0,1,1,0,0,1,0,0,1
102,HAI NANG CONG CHUA NHA TRAN,0,1,0,0,1,1,1,0,0,1,0,1,0,1,0,0,1,0,0,0,0,0,0,0,1
103,VO BA CAI VANG,0,0,0,0,0,0,1,1,0,1,1,1,0,1,1,0,0,1,1,0,0,1,0,1,1
104,VUA HEO,1,1,1,1,1,0,1,0,1,1,1,1,0,1,0,0,0,1,1,0,1,1,0,0,1
105,NGUOI THO MOC NAM HOA,1,1,1,1,0,0,1,1,0,0,1,0,1,0,1,0,0,1,1,0,0,0,0,1,1
106,NGUOI DAY TO VA NGUOI AN TROM,1,1,1,0,0,0,1,0,0,1,1,0,0,1,0,0,1,1,0,0,0,0,0,0,1
107,BA CHANG THIEN NGHE,1,1,1,0,0,0,1,0,0,1,1,0,0,1,0,0,1,1,0,0,0,0,0,0,1
108,CHANG NGOC DI KIEN,1,1,1,1,0,0,1,0,0,1,1,0,1,1,0,0,1,1,0,0,0,0,0,0,1
109,NGUOI DAN BA BI VU OAN,1,1,1,0,0,0,1,0,0,1,1,0,1,1,0,0,1,1,1,0,0,0,0,0,1
110,TRA TAN HON DA,1,1,1,0,0,0,1,0,0,1,1,0,1,1,0,0,1,1,0,0,0,0,0,0,1
111,NGUYEN KHOA DANG,1,1,1,0,1,1,1,0,0,1,0,0,1,1,0,0,1,0,0,0,0,0,0,0,1
112,SOI BAC TIM RA THU PHAM,0,0,0,0,0,0,1,0,0,1,1,0,1,1,0,0,1,0,1,0,0,0,1,0,1
113,PHAN XU TAI TINH,1,1,1,0,0,0,1,0,1,1,1,0,1,1,0,1,1,1,0,0,1,0,0,0,1
114,NGUOI DAN BA MAT TICH,0,0,0,0,0,0,1,1,0,1,1,1,1,1,1,0,1,1,0,0,0,0,0,0,1
115,TINH CON CHUOT,1,1,1,0,0,0,1,1,0,1,1,0,1,1,1,0,1,1,0,0,0,0,0,1,1
116,HA O LOI,0,0,0,0,0,0,1,1,0,1,1,0,0,1,1,0,1,1,0,0,0,0,0,1,1
117,MIENG TRAU KY DIEU,1,0,1,0,0,0,1,1,0,0,1,0,0,1,1,0,0,1,0,0,0,0,0,1,1
118,TU UYEN,1,1,1,0,0,0,1,1,0,1,1,0,0,1,1,0,1,1,0,0,0,0,0,1,0
119,NO DUYEN TRONG MONG,1,1,1,1,1,0,1,1,0,1,1,0,0,1,1,0,1,1,0,0,0,0,0,1,1
120,TU DAO HANH HAY SU TICH THANH LANG,1,1,1,1,1,1,1,1,1,1,1,1,0,1,1,1,1,1,0,0,0,0,0,1,1
121,CHANG DON CUI VA CON TINH,1,1,1,1,0,0,1,1,0,1,1,0,1,0,1,0,1,1,1,0,0,0,0,1,1
122,NGUOI THO DUC VA ANH HOC NGHE,1,1,1,0,1,0,1,1,0,1,1,1,1,1,1,0,1,1,1,0,0,0,0,1,1
123,SU TICH DINH LANG DA HOA,1,1,1,0,0,1,1,1,0,1,1,1,1,1,1,0,1,1,1,0,0,0,0,1,1
124,CON CHIM KHACH MAU NHIEM,1,1,1,1,1,0,1,1,0,1,1,1,0,1,1,0,1,1,1,0,0,0,0,0,1
125,CAY TRE TRAM DOT,1,1,1,1,1,0,1,0,1,0,1,0,1,1,0,1,0,1,1,0,0,0,0,1,1
126,NGUOI LAY COC,1,0,1,0,0,0,1,1,0,0,1,0,0,1,1,0,0,0,0,0,0,0,0,1,1
127,THUOC CAI TU HOAN SINH HAY LA SU TICH THANG CUOI CUNG TRANG,0,0,0,0,1,0,1,1,0,0,1,0,0,1,1,0,0,1,0,0,0,0,0,1,1
128,LAY CHONG DE,1,1,1,0,0,0,1,1,0,0,1,0,0,1,1,0,0,1,1,0,0,0,0,1,1
129,NGUOI LAY ECH,1,1,1,0,0,0,1,1,0,0,1,1,0,1,1,0,0,1,1,0,0,0,0,1,0
130,SU TICH DONG TU THUC,0,1,0,0,1,0,1,1,0,0,1,1,0,1,1,0,0,1,0,0,0,0,0,1,1
131,NGUOI HOC TRO VA BA CON QUY,1,1,1,1,0,0,1,1,0,1,0,1,0,1,1,0,1,0,0,0,0,0,0,1,1
132,HAI CO GAI VA CUC BUU,1,1,1,0,0,0,1,0,1,0,1,0,0,1,0,1,0,1,0,0,0,0,0,1,1
133,NGUOI HOA DE,1,1,1,1,0,0,1,1,0,1,1,1,1,1,1,0,1,1,0,0,0,0,0,1,1
134,THANH GIONG,1,1,1,0,1,1,1,1,0,1,1,0,0,1,1,0,1,1,0,0,0,0,0,1,1
135,AI MUA HANH TOI HAY LA LO NUOC THAN,1,1,1,1,0,0,1,1,0,1,1,1,0,1,1,0,0,1,1,0,0,1,0,1,1
136,NGUOI DAN NGHEO VA NGOC HOANG,1,1,1,1,0,0,1,1,1,0,1,0,0,1,1,1,0,1,0,0,0,0,0,1,1
137,SU TICH CONG CHUA LIEU HANH,1,1,1,0,1,0,1,1,1,1,1,1,0,0,1,0,1,1,1,0,0,1,0,1,1
138,NGUOI THO SAN VA MU CHANG,1,1,1,1,0,0,1,1,0,1,0,1,1,1,1,0,1,0,1,1,1,0,0,1,1
139,QUAN TRIEU HAY LA CHIEC AO TANG HINH,1,1,1,1,1,0,1,1,1,1,1,,0,1,1,0,1,1,0,0,1,1,0,1,1
140,THU THAN VA MIEU THAN HAY SU TICH CHUOT VA MEO,0,1,0,0,0,0,0,1,0,0,1,1,0,0,1,0,0,1,0,0,0,0,1,1,1
141,CON COC LIEM NUOC MUA,0,0,0,0,0,0,1,0,0,0,0,0,0,1,0,0,0,0,0,0,0,0,0,0,1
142,THAY CUU TRO,1,0,1,0,0,0,1,0,0,1,0,0,0,1,0,0,1,0,1,0,0,0,0,0,1
143,HAI CON CO VA CON RUA,0,0,0,0,0,0,0,0,1,0,1,0,0,0,0,0,0,0,0,0,0,1,1,1,1
144,CO GAI LAY CHONG HOANG TU,1,1,1,0,0,0,0,0,1,1,1,0,0,0,0,1,0,1,0,0,0,0,0,0,1
145,NGUOI DI GHE AC NGHIET HAY SU TICH CON DE,1,1,1,1,0,0,1,0,0,1,0,0,0,1,0,0,1,0,0,0,0,0,0,0,1
146,LAM ON HOA HAI,0,0,0,0,0,0,0,1,0,0,1,0,0,0,1,0,0,1,0,1,0,0,0,1,1
147,HUYEN QUANG,1,1,1,0,0,0,1,1,1,1,0,0,0,1,0,1,1,0,0,0,0,0,0,0,1
148,TIEU DIET MANG XA,1,1,1,1,0,0,1,0,1,1,1,1,0,1,0,0,1,1,0,0,0,0,0,0,1
149,GIAP HAI,0,1,0,0,0,0,1,1,1,1,1,1,0,1,1,0,1,1,1,0,1,0,0,0,1
150,TAM VA TU,1,0,1,1,0,0,1,1,1,0,1,1,0,1,0,0,0,1,0,0,0,0,0,1,1
151,BINH VA DINH,1,0,1,1,0,0,1,0,1,1,1,0,0,1,0,1,0,1,0,0,0,0,0,1,1
152,HA RAM HA RAC,1,0,1,1,0,0,1,0,0,0,0,0,0,1,0,0,0,0,0,0,0,0,0,1,1
153,ONG GIA HO LE,0,1,1,0,0,0,1,0,0,1,1,0,0,1,0,0,1,1,0,0,0,0,0,0,1
154,TAM CAM,1,1,0,0,0,0,1,1,1,1,1,1,0,1,1,1,1,1,0,0,1,0,0,1,1
155,AO PHAT,1,1,1,0,1,0,0,1,1,0,1,1,0,0,0,1,0,1,0,0,0,0,0,1,1
156,PHAM NHI HAY SU TICH ONG BA MUOI,0,0,1,0,0,0,0,1,1,0,0,1,0,0,1,0,0,0,0,1,1,0,0,1,0
157,CON MA BAO THU,1,0,1,1,0,0,1,1,1,1,1,0,1,1,0,0,1,1,0,0,0,0,0,1,1
158,RAN BAO OAN,0,1,0,0,0,0,1,1,1,1,1,1,1,0,1,0,0,1,1,0,1,1,0,0,1
159,RACH DUI GIAU NGOC,0,0,0,0,0,0,1,1,0,1,1,0,0,1,0,0,1,1,1,0,0,0,0,0,1
160,NGUOI HOC RO VA CON HO,1,0,1,0,0,0,1,1,1,0,0,0,0,1,0,1,0,0,0,0,0,0,0,1,0
161,SU TICH DEN ON,0,0,0,0,1,0,1,0,1,1,1,1,0,1,0,0,1,1,0,0,0,0,0,0,1
162,HOANG TIN HAU,1,1,1,1,1,0,1,1,0,1,1,1,0,1,1,0,1,1,0,0,0,0,0,0,1
163,QUAN TU,1,1,1,1,0,0,1,1,0,1,1,0,0,1,1,0,1,1,0,0,0,0,0,1,0
164,CUONG BAO DAI VUONG,0,0,0,0,0,0,1,1,0,0,1,1,0,1,1,0,0,0,1,1,0,0,1,1,1
165,MUI DAI,1,1,1,1,0,0,1,1,1,1,1,0,0,1,1,1,1,1,1,0,0,0,0,1,1
166,BON CO GAI MUON LAY CHONG HOANG TU,1,1,1,0,0,0,1,1,1,1,1,0,0,1,1,1,1,1,1,0,0,0,0,1,0
167,ONG DAI ONG COC HA LA SU TICH SONG KY CUNG,1,0,1,0,1,0,1,1,0,1,0,1,0,1,1,0,1,0,1,0,0,0,0,1,1
168,SU TICH THAP BAO AN,1,1,0,0,1,0,1,0,1,1,1,0,0,1,0,1,1,1,0,0,0,0,0,0,1
169,NANG XUAN HUONG,1,1,1,1,1,1,1,0,0,1,1,0,1,1,0,0,1,1,0,0,0,0,0,0,1
170,VU KIEN CHAU CHAU,1,0,0,0,0,0,0,0,1,0,0,0,0,0,0,1,0,0,0,0,0,0,0,1,0
171,BA CHUA ONG,1,1,1,1,1,0,1,1,0,0,1,0,0,1,1,0,0,1,0,0,0,0,0,0,1
172,ANH CHANG HO DAO,1,1,1,0,0,0,1,0,0,1,1,1,0,1,0,0,1,1,0,0,0,0,0,0,1
173,DUYEN NO TAI SINH,0,1,1,0,0,0,1,0,1,1,1,1,0,1,0,1,1,1,0,0,0,0,0,0,1
174,MY CHAU TRONG THUY HAY LA TRUYEN NO THAN,0,0,0,0,1,1,1,1,0,1,1,0,1,1,0,0,1,1,1,0,0,1,0,1,1
175,CO GAI CON THAN NUOC ME CHANG DANH CA,1,1,1,0,0,0,1,1,0,0,1,0,0,1,1,0,0,1,0,0,0,0,0,1,0
176,QUAN AM THI KINH,1,1,1,1,1,0,1,0,1,1,1,0,0,1,0,1,1,1,0,0,0,0,0,1,1
177,NGUYEN TH BICH CHAU,1,1,1,1,1,1,1,1,0,1,1,0,0,1,1,0,1,1,0,0,0,0,0,1,1
178,SU TICH BAI ONG NAM,1,1,1,1,1,0,0,1,1,0,1,0,0,0,1,1,0,1,0,0,0,0,0,1,1
179,CHIEC GIAY THOM,1,1,1,0,0,0,1,0,1,1,1,0,0,1,0,1,1,1,0,0,0,0,0,0,1
180,BAN TOC DAI BAN,1,1,0,0,0,0,1,0,0,1,1,0,1,1,0,0,1,1,0,0,0,0,0,0,1
181,TRONG NGHIA KINH TAI,1,1,1,0,0,0,1,0,0,0,1,0,0,1,0,0,0,1,1,0,0,0,0,0,1
182,A CHUC CHANG NGUU,1,1,1,0,1,0,1,1,0,1,1,0,0,1,1,0,1,1,0,0,0,0,0,1,1
183,BON NGUOI BAN,1,1,1,0,0,0,1,1,0,1,1,1,1,1,1,0,1,1,1,0,0,0,0,0,1
184,NGUOI CUOI MA,1,1,1,0,0,0,1,0,1,0,1,0,0,1,0,1,0,1,0,0,0,0,0,1,1
185,VO CHANG TRUONG,0,0,0,0,1,1,1,0,0,0,1,1,0,1,0,0,0,1,1,0,0,0,0,0,1
186,SU TICH KHAN TANG,0,0,0,0,1,0,1,0,0,0,1,0,0,1,0,0,0,1,0,0,0,0,0,0,1
187,NGAM NGAI TIM TRAM HAY LA SU TICH NUI MAU TU,0,0,0,0,1,0,1,1,0,0,1,0,0,0,1,0,0,1,1,0,0,0,0,0,1
188,CAI VET DO TREN MA CONG NUONG,0,0,0,0,0,0,1,0,1,1,1,1,0,1,0,0,1,1,1,0,1,0,0,0,1
189,CHANG NGOC HOC KHON,1,1,1,0,0,0,1,0,0,1,1,0,1,1,0,0,1,1,1,0,0,0,0,0,1
190,PHIEU LUU CUA ANH CHANG NGOC HAY LA LAM THEO LOI VO DAN,0,0,0,0,0,0,1,0,0,0,1,0,0,1,0,0,0,1,0,0,0,0,0,0,1
191,THIT GA THUOC CHONG,0,0,0,0,0,0,1,0,0,0,1,1,1,0,0,0,0,0,1,0,0,0,1,0,1
192,HOA THUONG VA NGUOI THO GIAY,1,1,1,0,0,0,1,0,1,0,1,0,1,0,0,1,0,1,1,0,1,0,0,0,1
193,HAI ANH EM VA CON CHO DA,1,1,1,1,0,0,1,1,0,0,1,0,0,1,1,0,0,1,1,0,0,0,0,1,1
194,CHANG RE THONG MANH,1,1,1,0,0,0,1,0,0,0,1,0,1,1,0,0,0,1,0,0,0,0,0,0,1
195,LAM CHO CONG CHUA NOI DUOC,1,1,1,1,0,0,1,0,0,1,1,0,0,1,0,0,1,1,0,0,0,0,0,0,1
196,RU NHAU DI TIM MAT ONG,0,0,0,0,0,0,1,0,0,0,1,1,1,0,0,0,0,1,1,0,0,0,0,0,1
197,CO GAI LUA 1 THAY SAI XA TRUONG VA ONG QUAN HUYEN,1,1,1,0,0,0,1,0,1,1,1,0,1,1,0,1,1,1,0,0,0,0,0,0,1
198,THAY LANG BAT DAT DI,1,1,1,1,0,0,1,0,0,1,1,0,1,1,0,0,1,1,1,0,0,0,0,0,1
199,GIAN MAY TAO O VOI AI HAY LA TRUYEN PHUONG HOANG DAT,1,1,1,1,0,0,1,0,0,1,1,0,0,1,0,0,1,1,0,0,0,0,0,0,1
200,CAI CHET CUA BON ONG SU,0,0,0,0,0,0,0,0,1,0,1,0,0,0,0,1,0,0,0,0,0,0,1,0,1
201,HAI BAY MUOI BA,1,1,1,0,0,0,1,0,0,1,1,0,1,1,0,0,1,1,1,0,0,0,0,0,1
